<AGF-HUDPlus>
<!--NOTES:
FEATURE = explanation of what this section provides to gameplay
VANILLA = describes the default of the original game version A20.
REMOVABILITY = explains how to remove a section without crashing your game (If you are starting a FRESH game, it is always safe to remove a section entirely)
XMLs = lets you know all the other xml files that is part of this feature (I recommend using "search and find" if you are looking to edit in other files as well)
WISHES = where I describe things I WISH the feature could do through xml edits only... Know something I don't? please share!!!
-->




TABLE OF CONTENTS
Section 1 = CHATBOX IMPROVEMENT
Section 2 = BOTTOM LEFT STAT DISPLAY: HEALTH, STAMINA, FOOD, WATER, XP, LEVEL, OTHER 
Section 3 = FUEL BURNING TEXT DISPLAY IN WHITE
Section 4 = COMPASS, DATE, TIME ADJUSTMENTS
Section 5 = TOOLBELT ADJUSTMENTS



<!--Section 1 = CHATBOX IMPROVEMENT
		a. Removal of Original Chatbox
		b. Replacement with the updated Chatbox-->

	<!--NOTES:
		FEATURE = 
			1. Chatboxes appear BEHIND other menu windows
			2. The background of the chatoutput disappears WITH the text for easier readability
					
		VANILLA = 
			1. Chatboxes appear in front of other windows, sometimes blocking your current "menu" activities
			2. After you hit "enter" from typing, the background of the chatoutput disappears while the text stays for a few seconds.
			
		REMOVABILITY = It is safe to delete this section if you wish to not have this feature.-->

		<!--a. Removal of Original Chatbox-->
			<remove xpath="/windows/window[@name='chatoutput']"/>
			<remove xpath="/windows/window[@name='chat']"/>
			
	
	
		<!--b. Replacement with the updated Chatbox-->
			<append xpath="/windows">
				<window name="chatoutput" pos="20, -250" depth="-1" width="500" height="250" anchor="LeftTop" controller="ChatOutput" fadeout_wait_time="5" fadeout_duration="2">
					<textlist name="txtOutput" pos="8,-214" width="484" height="210" list_style="chat" pivot="bottomleft" depth="2" font_size="26" crispness="Never">
						<sprite depth="-1" name="border" pos="-8,212" width="500" height="218" sprite="menu_empty2px" color="[black]" type="sliced" fillcenter="false"/>
						<sprite depth="-1" color="[darkGrey]" pos="-8,212" width="500" height="218" type="sliced"   globalopacitymod=".95" />
					</textlist>
				</window>

				<window name="chat" pos="20, -250" width="500" height="250" anchor="LeftTop" controller="Chat" cursor_area="true">
					<rect name="input" depth="2" pos="0,-218" height="32">
						<sprite depth="8" name="border"   sprite="menu_empty2px" color="[black]" type="sliced" fillcenter="false"/>
						<sprite color="[darkGrey]" type="sliced" globalopacitymod="0.95" />
						
						<combobox name="cbxTarget" type="ComboBoxList`1[EChatType]" value_max="party" pos="2, -6" width="100" height="22" font_size="22" localization_prefix="xuiChatTarget" />
						<textfield name="txtInput" backgroundcolor="[transparent]" depth="2" pos="110,-16" width="386" height="28" pivot="left" justify="left" overflow="ClampContent" max_line_count="1" crispness="Never" open_vk_on_open="true"/>
					</rect>
				</window>
			</append>





<!--Section 3 = BOTTOM LEFT STAT DISPLAY: HEALTH, STAMINA, FOOD, WATER, XP, LEVEL, OTHER 
		a. Removal of existing display
		b. Display change for player stats in bottom left corner
		c. Map View icons match the stats displayed in OTHER
		-->

	<!--NOTES:
		FEATURE = 
			1. Compacting the HUD display for easier read of health, stamina, food, water, xp, level, and other stats
			2. Other stats include elevation, player temp, and outdoor temp
					
		VANILLA = The original HUD, in which food, water, xp do not include numbers, AND the other stats like elevation are not displayed
			
		REMOVABILITY = It is safe to delete this section if you wish to not have this feature.-->

		<!--a. Removal of existing display-->
			<remove xpath="/windows/window[@name='HUDLeftStatBars']"/>	
			<remove xpath="/windows/window[@name='windowToolbelt']/rect/rect[@stat_type='Water']" /><!--water display-->
			<remove xpath="/windows/window[@name='windowToolbelt']/rect/rect[@stat_type='Food']" />	<!--food display-->
			<remove xpath="/windows/window[@name='windowToolbelt']/rect/sprite[@pos='0,6']" /><!--XP display-->
			
		<!--b. Display change for player stats in bottom left corner-->
			<append xpath="/windows">
				<window name="HUDLeftStatBars" >
				<rect name="hud" pos="9,145" rows="2" cols="1" width="168" side="right" >

					<!--Stealth Bar Adjustment-->
					<rect pos="1,55" width="150" height="36" controller="HUDStatBar" stat_type="Stealth" visible="{statvisible}">
						<sprite depth="1" name="border" color="0,0,0,235" height="36" type="sliced" />						
						<sprite depth="2" name="background" color="0,0,0,140" type="sliced" />
						<filledsprite depth="3" name="background" color="110,110,110,128" type="filled" fill="1" />
						<filledsprite depth="4" name="BarContent" color="{stealthcolor}" type="filled" fill="0" />
						<sprite depth="5" name="Icon" atlas="{staticonatlas|once}" sprite="{staticon|once}" size="32,32" pos="2,-2" foregroundlayer="true"/>
						<label depth="6" name="TextContent" pos="38,-5" font_size="28" color="[white]" justify="center"  text="{statcurrent}" height="34" width="100"/>
						<sprite depth="8" name="border" color="0,0,0,255" type="sliced" fillcenter="false"/>
						<filledsprite depth="8" name="background" color="0,0,0,255" width="150" fillcenter="false" type="filled" fill="1" />
						<filledsprite depth="3" name="background" color="0,0,0,255" width="150" fillcenter="false" type="filled" fill="1" />
					</rect>

					<!--Health Bar Adjustment-->					
					<rect  pos="1,15" width="150" height="36" controller="HUDStatBar" stat_type="Health" visible="{statvisible}" >
						<sprite depth="1" name="border" color="0,0,0,235" type="sliced"/>
						<sprite depth="2"  name="background" color="0,0,0,140" type="sliced" />
						<filledsprite depth="3" name="background" color="110,110,110,128" width="149" type="filled" fill="{statmodifiedmax}" />
						<filledsprite depth="5"  name="BarContent" color="255,0,0,180" width="149" type="filled" fill="0" />
						<sprite depth="6" name="Icon" atlas="{staticonatlas|once}" sprite="{staticon|once}" size="28,28" pos="2,-4" foregroundlayer="true"/>
						<label depth="7" name="TextContent" pos="46,-5" font_size="28" color="[white]" text="{statcurrentwithmax}" height="34"/>
						<sprite depth="8" name="border" color="0,0,0,255" type="sliced" fillcenter="false"/>
						<filledsprite depth="8"  name="background" color="0,0,0,255" width="150" fillcenter="false" type="filled" fill="{statmodifiedmax}" />
						<filledsprite depth="3" name="background" color="0,0,0,255" width="150" fillcenter="false" type="filled" fill="{statmodifiedmax}" />
					</rect>
				
					<!--Stamina Bar Adjustment-->
					<rect pos="1,-25" width="150" height="36"  controller="HUDStatBar" stat_type="Stamina" visible="{statvisible}" >
						<sprite depth="1" name="border" color="0,0,0,235" type="sliced"/>						
						<sprite depth="2" name="background" color="0,0,0,140" type="sliced" />
						<filledsprite depth="3" name="background" color="110,110,110,128" width="149" type="filled" fill="{statmodifiedmax}" />
						<filledsprite depth="5" name="BarContent" color="0,54,255,180" width="149" type="filled" fill="0" />
						<sprite depth="6" name="Icon" atlas="{staticonatlas|once}" sprite="ui_game_symbol_agility" size="32,32" pos="2,-2" foregroundlayer="true"/>
						<label depth="7" name="TextContent" pos="46,-5" font_size="28" color="[white]" text="{statcurrentwithmax}" height="34"/>
						<sprite depth="8"  name="border" color="0,0,0,255" type="sliced" fillcenter="false"/>
						<filledsprite depth="8" name="background" color="0,0,0,255" width="150" fillcenter="false" type="filled" fill="{statmodifiedmax}" />
						<filledsprite depth="3" name="background" color="0,0,0,255" width="150" fillcenter="false" type="filled" fill="{statmodifiedmax}" />
					</rect>

					<!--OTHER: elevation, player temp, outdoor temp-->
						<!--REMOVABILITY = You may delete this section to remove this part of the display-->
					<rect name="hud" pos="155,-64" rows="1" cols="1" width="84" controller="MapStats" visible="{statvisible}" side="right">
						<sprite depth="1" pos="0,0" height="77" width="84" color="0,0,0,250" type="sliced" foregroundlayer="true"/>
						<sprite depth="2" name="windowIcon" width="19" height="19" pos="5,-4" sprite="ui_game_symbol_climb" color="[iconColor]" foregroundlayer="true" tooltip_key="Elevation"/>
						<label depth="2" name="TextContent" pos="30,-6" width="80" height="18" text="[DECEA3]{mapelevation}" font_size="18"/>	
						<sprite depth="2" name="windowIcon" width="19" height="19" pos="5,-29" sprite="ui_game_symbol_temperature" color="[iconColor]" foregroundlayer="true"  tooltip_key="Outdoor Temperature"/>
						<label depth="2" name="TextContent" pos="30,-31" width="80" height="18" text="[DECEA3]{maptemperature}" font_size="18"/>
						<sprite depth="2" name="windowIcon" width="19" height="19" pos="5,-54" sprite="ui_game_symbol_light_armor" color="[iconColor]" foregroundlayer="true" tooltip_key="Player Temperature"/>
						<label depth="2" name="TextContent" pos="30,-56" width="80" height="18" text="[DECEA3]{playercoretemp}" font_size="18"/>
					</rect>	
					
				<!--Can't do this yet in EAC and server friendly fashion!!! But I'm still trying... and hoping Fun Pimps does a thing for this.-->
						<!--OTHER: Zombie Kills, Player Deaths, and Player Lootstage-->
								<!--REMOVABILITY = You may delete this section to remove this part of the display
							<rect name="hud" pos="155,15" rows="1" cols="1" width="84" controller="PlayerStats, PlayerStatController" side="right">
								<sprite depth="1" pos="0,0" height="76" width="84" color="0,0,0,250" type="sliced" foregroundlayer="true"/>					
								<sprite depth="2" name="windowIcon" width="19" height="19" pos="5,-4" sprite="ui_game_symbol_marksmanship" color="[iconColor]" foregroundlayer="true" tooltip_key="Zombie Kills"/>
								<label depth="2" name="TextContent" pos="30,-6" width="80" height="18" text="[DECEA3]{PlayerZombieKills}" font_size="18"/>	
								<sprite depth="2" name="windowIcon" width="19" height="19" pos="5,-29" sprite="ui_game_symbol_near_death_trauma" color="[iconColor]" foregroundlayer="true" tooltip_key="Deaths"/>
								<label depth="2" name="TextContent" pos="30,-31" width="80" height="18" text="[DECEA3]{PlayerDeaths}" font_size="18"/>
								<sprite depth="2" name="windowIcon" width="19" height="19" pos="5,-54" sprite="ui_game_symbol_shopping_cart" color="[iconColor]" foregroundlayer="true" tooltip_key="Lootstage"/>
								<label depth="2" name="TextContent" pos="30,-56" width="80" height="18" text="[DECEA3]{PlayerLootStage}" font_size="18"/>
							</rect>-->				
						
					<!--XP Bar, Now Circle-->
					<rect pos="76,-103" width="75" height="75" cursor_area="true" xp_fill_speed="2" >
						<sprite depth="8" height="77" width="77"  name="border" sprite="ui_game_filled_circle" color="[black]" pivot="center" globalopacity="false"/>			
						<sprite depth="9" name="center" sprite="ui_game_filled_circle" color="115,115,115" pivot="center" globalopacity="false"/>
						<sprite depth="10" height="69" width="69"  name="border" sprite="ui_game_filled_circle" color="[black]" pivot="center" globalopacity="false"/>				
						<sprite depth="11" height="69" width="69" name="background" sprite="ui_game_filled_circle" color="{xpcolor}" pivot="center" globalopacity="false" type="filled" fill="{xp}" filldirection="radial360" controller="ToolbeltWindow"/>
						<sprite depth="12" width="55" height="55" name="center" sprite="ui_game_filled_circle" color="115,115,115" pivot="center" globalopacity="false"/>
						<label depth="15" pos="0,9" name="Level" width="45" height="42" pivot="center" justify="center" text="LEVEL" font_size="18"/>						
						<label depth="15" pos="0,-10" name="LevelNumber" width="45" height="42" pivot="center" justify="center" text="{cvar($LastPlayerLevel)}" font_size="20" controller="HUDStatBar" />						
					</rect>
												
					<!--Food Bar-->			
					<rect pos="1,-64" width="75" height="77"  controller="HUDStatBar" stat_type="Food" visible="{statvisible}">
						<sprite depth="1" name="border" color="0,0,0,235" type="sliced" />									
						<sprite depth="2" name="background" color="0,0,0,140" type="sliced" />
						<filledsprite depth="3" name="background" color="110,110,110,128" width="75" type="filled" fill="{statmodifiedmax}" />
						<filledsprite depth="5" name="BarContent" color="0,150,54,180" width="75" type="filled" fill="0" filldirection="vertical" />
						<sprite depth="6" name="Icon" atlas="{staticonatlas|once}" sprite="ui_game_symbol_fork" size="22,28" pos="11,-47" foregroundlayer="true"/>
						<label depth="7" name="TextContent" pos="0,-2" font_size="18" color="[white]" text="{statcurrent}%" height="34" width="42" justify="center" tooltip_key="Food Percentage" />
						<sprite depth="8" name="border" color="0,0,0,255" type="sliced" fillcenter="false"/>
						<filledsprite depth="8" name="background" color="0,0,0,255" width="75" fillcenter="false" type="filled" fill="{statmodifiedmax}" />
						<filledsprite depth="3" name="background" color="0,0,0,255" width="75" fillcenter="false" type="filled" fill="{statmodifiedmax}"/>
					</rect>
							
					<!--Water Bar-->	
					<rect pos="76,-64" width="75" height="77" controller="HUDStatBar" stat_type="Water" visible="{statvisible}">
						<sprite depth="1" name="border" color="0,0,0,235" type="sliced"/>
						<sprite depth="2" name="background" color="0,0,0,140" type="sliced" />									
						<filledsprite depth="3" name="background" color="110,110,110,128" width="75" type="filled" fill="{statmodifiedmax}"/>
						<filledsprite depth="5" name="BarContent" color="0,200,255,180" width="75" type="filled" fill="0" filldirection="vertical" globalopacity="false"/>
						<sprite depth="6" name="Icon" atlas="{staticonatlas|once}" sprite="ui_game_symbol_water" size="30,30" pos="38,-45" foregroundlayer="true"/>
						<label depth="7" name="TextContent" pos="34,-2" font_size="18" color="[white]" text="{statcurrent}%"  height="34" width="42" justify="center" tooltip_key="Water Percentage"/>
						<sprite depth="8" name="border" color="0,0,0,255" type="sliced" fillcenter="false"/>
						<filledsprite depth="8" name="background" color="0,0,0,255" width="75" fillcenter="false" type="filled" fill="{statmodifiedmax}" />
						<filledsprite depth="3" name="background" color="0,0,0,255" width="75" fillcenter="false" type="filled" fill="{statmodifiedmax}"  />
					</rect>	
				</rect>
					
				<!--God Mode / Buffs Popup Adjustment-->
				<rect name="hud" pos="91,187" side="left" controller="BuffPopoutList" pivot="BottomLeft" >
					<panel width="168" height="46" name="item" visible="false" pivot="right" disableautobackground="true" pos="70, 0" style="press" sound="[recipe_click]" on_hover="true" >
						<sprite depth="3" pos="0,0"  name="Background" sprite="ui_game_popup" height="46" width="162" pivot="center" flip="Horizontally" color="[transparent]" />
						<sprite depth="4" name="Icon" size="40,40" pos="-54,0" pivot="center" color="[transparent]"/>
						<label depth="6" name="TextContent" pos="0,-2" font_size="28" color="[white]" justify="center" height="40" pivot="center"/>
					</panel>
				</rect>					
				
				</window>
			</append>

		<!--c. Map View icons match the stats displayed in OTHER-->
			<remove xpath="/windows/window[@name='mapArea']/panel[@name='content']/panel[@name='mapView']/rect"/>
			<append xpath="/windows/window[@name='mapArea']/panel[@name='content']/panel[@name='mapView']">
				<rect name="content" depth="5" pos="0,-565" height="239" controller="MapStats">	
					<sprite depth="2" name="dayTimeIcon" width="24" height="24" pos="10,16" sprite="ui_game_symbol_clock" color="[iconColor]" foregroundlayer="true"/>
					<label depth="2" name="dayTimeLabel" pos="40,14" width="250" height="28" text="{mapdaytimetitle}: [DECEA3]{mapdaytime}[-]" font_size="26"/>					
					<sprite depth="2" name="dayTimeIcon" width="24" height="24" pos="10,-16" sprite="ui_game_symbol_temperature" color="[iconColor]" foregroundlayer="true"/>
					<label depth="2" name="dayTimeLabel" pos="40,-18" width="250" height="28" text="Outdoor Temp: [DECEA3]{maptemperature}[-]" font_size="26"/>
					<sprite depth="2" name="tempIcon" width="24" height="24" pos="10,-48" sprite="ui_game_symbol_light_armor" color="[iconColor]" foregroundlayer="true"/>
					<label depth="2" name="tempLabel" pos="40,-50" width="250" height="28" text="{playercoretemptitle}: [DECEA3]{playercoretemp}[-]" font_size="26"/>
					<sprite depth="2" name="windIcon" width="24" height="24" pos="10,-80" sprite="ui_game_symbol_wind" color="[iconColor]" foregroundlayer="true"/>
					<label depth="2" name="windLabel" pos="40,-82" width="250" height="28" text="{mapwindtitle}: [DECEA3]{mapwind} MPH[-]" font_size="26"/>
					<sprite depth="2" name="elevIcon" width="24" height="24" pos="10,-112" sprite="ui_game_symbol_climb" color="[iconColor]" foregroundlayer="true"/>
					<label depth="2" name="elevLabel" pos="40,-114" width="250" height="28" text="{mapelevationtitle}: [DECEA3]{mapelevation} M[-]" font_size="26"/>
				</rect>
			</append>

	


<!--Section 4 = FUEL BURNING TEXT DISPLAY IN WHITE
		-->

	<!--NOTES:
		FEATURE = Replaces the RED text of burning time to WHITE for easier readability					
		VANILLA = Burning Time is displayed in RED			
		REMOVABILITY = It is safe to delete this section if you wish to not have this.-->

			<setattribute xpath="/windows/window[@name='windowFuel']/panel[@style='header.panel']/label[@style='header.timer']" name="color">[white]</setattribute>





<!--Section 5 = COMPASS, DATE, TIME ADJUSTMENTS
		a. Removal of original Compass Section
		b. Mark on center of compass
		c. Day and Time adjustment
		d. Day and Time on Menus
		-->

	<!--NOTES:
		FEATURE = 
			1. Compass now has a mark for its center
			2. Day and Time are moved to the left and right of compass for a more compact look
					
		VANILLA = 
			1. Compass does not have its center marked
			2. Day and Time are close together under the compass
			
		REMOVABILITY = It is safe to delete this section if you wish to not have this feature.-->

		<!--a. Compass Adjustments-->				
			<set xpath="/windows/window[@name='windowCompass']/@pos">-260,-9</set>
			<set xpath="/windows/window[@name='windowCompass']/@width">550</set>
			
			<set xpath="/windows/window[@name='windowCompass']/sprite[@depth='0']/@color">0,0,0,235</set>
			<set xpath="/windows/window[@name='windowCompass']/sprite[@depth='1']/@color">120,120,120,235</set>
			
			<set xpath="/windows/window[@name='windowCompass']/sprite[@depth='0']/@width">456</set>
			<set xpath="/windows/window[@name='windowCompass']/sprite[@depth='1']/@width">450</set>			
			<set xpath="/windows/window[@name='windowCompass']/texture/@width">450</set>
			
			
			<set xpath="/windows/window[@name='windowCompass']/sprite[@depth='0']/@pos">32,0</set>
			<set xpath="/windows/window[@name='windowCompass']/sprite[@depth='1']/@pos">35,-3</set>		
			<set xpath="/windows/window[@name='windowCompass']/texture/@pos">35,-12</set>
	
		<!--b. Mark on center of compass-->
			<append xpath="/windows/window[@name='windowCompass']">
				<label depth="20" name="TextContent" pos="69,5" width="380" height="60" text="I" font_size="60" color="22,22,22,235" justify="center"/>
			</append>
			
		<!--c. Day and Time adjustment-->
			<remove xpath="/windows/window[@name='windowCompass']/sprite[@pos='240,-60']"/>
			<append xpath="/windows/window[@name='windowCompass']">
				<rect name="hud" pos="-117,-1" rows="1" cols="1" width="121">
						<sprite depth="1" pos="0,-2" height="38" width="121" color="0,0,0,235" type="sliced" foregroundlayer="true" />
						<label depth="2" name="TextContent" pos="4,-9" width="113" height="30" text="{daytitle}: [{daycolor|always}]{day|always}" font_size="28" color="[white]" justify="center"/>	
				</rect>	
				<rect name="hud" pos="515,-1" rows="1" cols="1" width="108" >
						<sprite depth="1" pos="0,-2" height="38" width="121" color="0,0,0,235" type="sliced" foregroundlayer="true"/>
						<label depth="2" name="TextContent" pos="4,-9" width="113" height="30" text="{timetitle}: [DECEA3]{time|always}" font_size="28" color="[white]" justify="center"/>				
				</rect>	
			</append>
	

		<!--d. Day and Time on Menus!!!-->
			<append xpath="/windows/window[@name='windowPagingHeader']">
				<sprite depth="1" name="timeBackground" width="230" height="34" pos="-345,-5" color="[black]"/>
				<sprite depth="2" name="dayTimeIcon" width="24" height="24" pos="-330,-10" sprite="ui_game_symbol_clock" color="[iconColor]" foregroundlayer="true"/>
				<label depth="2" name="dayTimeLabel" pos="-300,-12" width="230" height="28" text="{mapdaytimetitle}: [DECEA3]{mapdaytime}[-]" font_size="22" controller="MapStats"/>
			</append>
			
			<append xpath="/windows/window[@name='windowNonPagingHeader']">
				<sprite depth="1" name="timeBackground" width="230" height="34" pos="-345,-5" color="[black]"/>
				<sprite depth="2" name="dayTimeIcon" width="24" height="24" pos="-330,-10" sprite="ui_game_symbol_clock" color="[iconColor]" foregroundlayer="true"/>
				<label depth="2" name="dayTimeLabel" pos="-300,-12" width="230" height="28" text="{mapdaytimetitle}: [DECEA3]{mapdaytime}[-]" font_size="22" controller="MapStats"/>
			</append>



<!--Section 6 = TOOLBELT ADJUSTMENTS
		a. Lowered Toolbelt
		b. Toolbelt Slot Numbers Display
		-->

	<!--NOTES:
		FEATURE = 
			1. Toolbelt is lowered for more compact display and compatibility with other inventory mods
			2. Slots on toolbelt now display a number
					
		VANILLA = 
			1. Toolbelt is in original position (not including the xp, water, and food)
			2. There are no slot numbers
			
		REMOVABILITY = It is safe to delete this section if you wish to not have this feature.-->

		<!--a. Lowered Toolbelt-->
			<set xpath="/windows/window[@name='windowToolbelt']/@pos">-377,82</set>
			
		<!--b. Toolbelt Slot Numbers Display-->
			<!--REMOVABILITY = it is safe to delete JUST this section-->
			<append xpath="/windows/window[@name='windowToolbelt']/rect">
				<sprite depth="19" pos="32,10" height="13" width="14" color="0,0,0,250" type="sliced" foregroundlayer="true" />		
				<label depth="20" name="slot#" pos="32,10" width="14" height="12" text="[DECEA3]1" font_size="12" color="" justify="center"/>
					
				<sprite depth="19" pos="107,10" height="13" width="14" color="0,0,0,250" type="sliced" foregroundlayer="true" />		
				<label depth="20" name="slot#" pos="107,10" width="14" height="12" text="[DECEA3]2" font_size="12" color="" justify="center"/>	

				<sprite depth="19" pos="182,10" height="13" width="14" color="0,0,0,250" type="sliced" foregroundlayer="true" />		
				<label depth="20" name="slot#" pos="182,10" width="14" height="12" text="[DECEA3]3" font_size="12" color="" justify="center"/>	

				<sprite depth="19" pos="257,10" height="13" width="14" color="0,0,0,250" type="sliced" foregroundlayer="true" />		
				<label depth="20" name="slot#" pos="257,10" width="14" height="12" text="[DECEA3]4" font_size="12" color="" justify="center"/>		

				<sprite depth="19" pos="332,10" height="13" width="14" color="0,0,0,250" type="sliced" foregroundlayer="true" />		
				<label depth="20" name="slot#" pos="332,10" width="14" height="12" text="[DECEA3]5" font_size="12" color="" justify="center"/>	

				<sprite depth="19" pos="407,10" height="13" width="14" color="0,0,0,250" type="sliced" foregroundlayer="true" />		
				<label depth="20" name="slot#" pos="407,10" width="14" height="12" text="[DECEA3]6" font_size="12" color="" justify="center"/>	

				<sprite depth="19" pos="482,10" height="13" width="14" color="0,0,0,250" type="sliced" foregroundlayer="true" />		
				<label depth="20" name="slot#" pos="482,10" width="14" height="12" text="[DECEA3]7" font_size="12" color="" justify="center"/>	

				<sprite depth="19" pos="557,10" height="13" width="14" color="0,0,0,250" type="sliced" foregroundlayer="true" />		
				<label depth="20" name="slot#" pos="557,10" width="14" height="12" text="[DECEA3]8" font_size="12" color="" justify="center"/>
				
				<sprite depth="19" pos="632,10" height="13" width="14" color="0,0,0,250" type="sliced" foregroundlayer="true" />		
				<label depth="20" name="slot#" pos="632,10" width="14" height="12" text="[DECEA3]9" font_size="12" color="" justify="center"/>

				<sprite depth="19" pos="707,10" height="13" width="14" color="0,0,0,250" type="sliced" foregroundlayer="true" />		
				<label depth="20" name="slot#" pos="707,10" width="14" height="12" text="[DECEA3]10" font_size="12" color="" justify="center"/>
			</append>
	
	
	
	
	
	
	

</AGF-HUDPlus>





